epoch,lr-Adam,step,train_loss_epoch,train_loss_step,val_MAE,val_MAPE,val_RMSE,val_SMAPE,val_loss
,0.003,9,,,,,,,
0,,9,,0.053314730525016785,,,,,
,0.003,19,,,,,,,
0,,19,,0.046502672135829926,,,,,
,0.003,29,,,,,,,
0,,29,,0.043201666325330734,,,,,
,0.003,39,,,,,,,
0,,39,,0.03760361298918724,,,,,
,0.003,49,,,,,,,
0,,49,,0.04223266616463661,,,,,
,0.003,59,,,,,,,
0,,59,,0.04046905040740967,,,,,
,0.003,69,,,,,,,
0,,69,,0.029036859050393105,,,,,
,0.003,79,,,,,,,
0,,79,,0.0303080715239048,,,,,
,0.003,89,,,,,,,
0,,89,,0.03147696703672409,,,,,
,0.003,99,,,,,,,
0,,99,,0.03018958307802677,,,,,
,0.003,109,,,,,,,
0,,109,,0.02494429424405098,,,,,
,0.003,119,,,,,,,
0,,119,,0.03261975198984146,,,,,
,0.003,129,,,,,,,
0,,129,,0.03156139701604843,,,,,
,0.003,139,,,,,,,
0,,139,,0.024627674371004105,,,,,
,0.003,149,,,,,,,
0,,149,,0.025461940094828606,,,,,
,0.003,159,,,,,,,
0,,159,,0.028589660301804543,,,,,
,0.003,169,,,,,,,
0,,169,,0.024387456476688385,,,,,
,0.003,179,,,,,,,
0,,179,,0.025342129170894623,,,,,
,0.003,189,,,,,,,
0,,189,,0.033485621213912964,,,,,
,0.003,199,,,,,,,
0,,199,,0.029614368453621864,,,,,
,0.003,209,,,,,,,
0,,209,,0.0222502239048481,,,,,
,0.003,219,,,,,,,
0,,219,,0.02252514846622944,,,,,
,0.003,229,,,,,,,
0,,229,,0.02696223184466362,,,,,
,0.003,239,,,,,,,
0,,239,,0.023414675146341324,,,,,
,0.003,249,,,,,,,
0,,249,,0.02158520556986332,,,,,
,0.003,259,,,,,,,
0,,259,,0.025631574913859367,,,,,
,0.003,269,,,,,,,
0,,269,,0.023634692654013634,,,,,
,0.003,279,,,,,,,
0,,279,,0.02081187069416046,,,,,
,0.003,289,,,,,,,
0,,289,,0.028290381655097008,,,,,
,0.003,299,,,,,,,
0,,299,,0.027147892862558365,,,,,
,0.003,309,,,,,,,
0,,309,,0.023803211748600006,,,,,
,0.003,319,,,,,,,
0,,319,,0.025479447096586227,,,,,
,0.003,329,,,,,,,
0,,329,,0.02250383049249649,,,,,
,0.003,339,,,,,,,
0,,339,,0.02223752811551094,,,,,
,0.003,349,,,,,,,
0,,349,,0.027718637138605118,,,,,
,0.003,359,,,,,,,
0,,359,,0.019831102341413498,,,,,
,0.003,369,,,,,,,
0,,369,,0.022465065121650696,,,,,
,0.003,379,,,,,,,
0,,379,,0.023256072774529457,,,,,
,0.003,389,,,,,,,
0,,389,,0.02130732871592045,,,,,
,0.003,399,,,,,,,
0,,399,,0.020582664757966995,,,,,
,0.003,409,,,,,,,
0,,409,,0.019904745742678642,,,,,
,0.003,419,,,,,,,
0,,419,,0.02191402204334736,,,,,
,0.003,429,,,,,,,
0,,429,,0.02451389655470848,,,,,
,0.003,439,,,,,,,
0,,439,,0.0227324441075325,,,,,
,0.003,449,,,,,,,
0,,449,,0.023248614743351936,,,,,
,0.003,459,,,,,,,
0,,459,,0.014702404849231243,,,,,
,0.003,469,,,,,,,
0,,469,,0.01858748123049736,,,,,
,0.003,479,,,,,,,
0,,479,,0.024824028834700584,,,,,
,0.003,489,,,,,,,
0,,489,,0.023612895980477333,,,,,
,0.003,499,,,,,,,
0,,499,,0.019916286692023277,,,,,
,0.003,509,,,,,,,
0,,509,,0.022741537541151047,,,,,
,0.003,519,,,,,,,
0,,519,,0.02330252155661583,,,,,
,0.003,529,,,,,,,
0,,529,,0.020946357399225235,,,,,
,0.003,539,,,,,,,
0,,539,,0.017815962433815002,,,,,
,0.003,549,,,,,,,
0,,549,,0.015918347984552383,,,,,
,0.003,559,,,,,,,
0,,559,,0.022748252376914024,,,,,
0,,561,,,0.09589997678995132,0.2281961590051651,0.16961544752120972,0.21780186891555786,0.06455005705356598
0,,561,0.026324553415179253,,,,,,
,0.003,569,,,,,,,
1,,569,,0.019180182367563248,,,,,
,0.003,579,,,,,,,
1,,579,,0.01918879523873329,,,,,
,0.003,589,,,,,,,
1,,589,,0.018232721835374832,,,,,
,0.003,599,,,,,,,
1,,599,,0.021127669140696526,,,,,
,0.003,609,,,,,,,
1,,609,,0.016450542956590652,,,,,
,0.003,619,,,,,,,
1,,619,,0.02210375666618347,,,,,
,0.003,629,,,,,,,
1,,629,,0.018098272383213043,,,,,
,0.003,639,,,,,,,
1,,639,,0.02296767756342888,,,,,
,0.003,649,,,,,,,
1,,649,,0.023045890033245087,,,,,
,0.003,659,,,,,,,
1,,659,,0.018459143117070198,,,,,
,0.003,669,,,,,,,
1,,669,,0.01729518175125122,,,,,
,0.003,679,,,,,,,
1,,679,,0.01768556609749794,,,,,
,0.003,689,,,,,,,
1,,689,,0.015190663747489452,,,,,
,0.003,699,,,,,,,
1,,699,,0.02136327140033245,,,,,
,0.003,709,,,,,,,
1,,709,,0.019885661080479622,,,,,
,0.003,719,,,,,,,
1,,719,,0.019562045112252235,,,,,
,0.003,729,,,,,,,
1,,729,,0.021507197991013527,,,,,
,0.003,739,,,,,,,
1,,739,,0.023098083212971687,,,,,
,0.003,749,,,,,,,
1,,749,,0.02244051918387413,,,,,
,0.003,759,,,,,,,
1,,759,,0.01725497841835022,,,,,
,0.003,769,,,,,,,
1,,769,,0.019163718447089195,,,,,
,0.003,779,,,,,,,
1,,779,,0.018506227061152458,,,,,
,0.003,789,,,,,,,
1,,789,,0.017930462956428528,,,,,
,0.003,799,,,,,,,
1,,799,,0.01281349454075098,,,,,
,0.003,809,,,,,,,
1,,809,,0.020558379590511322,,,,,
,0.003,819,,,,,,,
1,,819,,0.01837068609893322,,,,,
,0.003,829,,,,,,,
1,,829,,0.0162094347178936,,,,,
,0.003,839,,,,,,,
1,,839,,0.019451014697551727,,,,,
,0.003,849,,,,,,,
1,,849,,0.02630617469549179,,,,,
,0.003,859,,,,,,,
1,,859,,0.017415424808859825,,,,,
,0.003,869,,,,,,,
1,,869,,0.014093073084950447,,,,,
,0.003,879,,,,,,,
1,,879,,0.015951672568917274,,,,,
,0.003,889,,,,,,,
1,,889,,0.01654280722141266,,,,,
,0.003,899,,,,,,,
1,,899,,0.022621218115091324,,,,,
,0.003,909,,,,,,,
1,,909,,0.022239871323108673,,,,,
,0.003,919,,,,,,,
1,,919,,0.015386844053864479,,,,,
,0.003,929,,,,,,,
1,,929,,0.019783440977334976,,,,,
,0.003,939,,,,,,,
1,,939,,0.015443770214915276,,,,,
,0.003,949,,,,,,,
1,,949,,0.01965636946260929,,,,,
,0.003,959,,,,,,,
1,,959,,0.02250596135854721,,,,,
,0.003,969,,,,,,,
1,,969,,0.023502521216869354,,,,,
,0.003,979,,,,,,,
1,,979,,0.021590212360024452,,,,,
,0.003,989,,,,,,,
1,,989,,0.016168182715773582,,,,,
,0.003,999,,,,,,,
1,,999,,0.015688208863139153,,,,,
,0.003,1009,,,,,,,
1,,1009,,0.01782188192009926,,,,,
,0.003,1019,,,,,,,
1,,1019,,0.021782640367746353,,,,,
,0.003,1029,,,,,,,
1,,1029,,0.019409429281949997,,,,,
,0.003,1039,,,,,,,
1,,1039,,0.019613802433013916,,,,,
,0.003,1049,,,,,,,
1,,1049,,0.018815621733665466,,,,,
,0.003,1059,,,,,,,
1,,1059,,0.0170338973402977,,,,,
,0.003,1069,,,,,,,
1,,1069,,0.016769221052527428,,,,,
,0.003,1079,,,,,,,
1,,1079,,0.014818712137639523,,,,,
,0.003,1089,,,,,,,
1,,1089,,0.018823841586709023,,,,,
,0.003,1099,,,,,,,
1,,1099,,0.015585317276418209,,,,,
,0.003,1109,,,,,,,
1,,1109,,0.019743403419852257,,,,,
,0.003,1119,,,,,,,
1,,1119,,0.014396000653505325,,,,,
1,,1123,,,0.07512162625789642,0.1900334507226944,0.14120817184448242,0.1652047038078308,0.05625981092453003
1,,1123,0.018867943435907364,,,,,,
,0.003,1129,,,,,,,
2,,1129,,0.014515159651637077,,,,,
,0.003,1139,,,,,,,
2,,1139,,0.016454992815852165,,,,,
,0.003,1149,,,,,,,
2,,1149,,0.016593970358371735,,,,,
,0.003,1159,,,,,,,
2,,1159,,0.019424740225076675,,,,,
,0.003,1169,,,,,,,
2,,1169,,0.02364967204630375,,,,,
,0.003,1179,,,,,,,
2,,1179,,0.015576156787574291,,,,,
,0.003,1189,,,,,,,
2,,1189,,0.01751876436173916,,,,,
,0.003,1199,,,,,,,
2,,1199,,0.019853845238685608,,,,,
,0.003,1209,,,,,,,
2,,1209,,0.018800854682922363,,,,,
,0.003,1219,,,,,,,
2,,1219,,0.02496706321835518,,,,,
,0.003,1229,,,,,,,
2,,1229,,0.01841837912797928,,,,,
,0.003,1239,,,,,,,
2,,1239,,0.018495531752705574,,,,,
,0.003,1249,,,,,,,
2,,1249,,0.013577052392065525,,,,,
,0.003,1259,,,,,,,
2,,1259,,0.01621291972696781,,,,,
,0.003,1269,,,,,,,
2,,1269,,0.025313427671790123,,,,,
,0.003,1279,,,,,,,
2,,1279,,0.016349971294403076,,,,,
,0.003,1289,,,,,,,
2,,1289,,0.0150618776679039,,,,,
,0.003,1299,,,,,,,
2,,1299,,0.018470052629709244,,,,,
,0.003,1309,,,,,,,
2,,1309,,0.012832692824304104,,,,,
,0.003,1319,,,,,,,
2,,1319,,0.015253197401762009,,,,,
,0.003,1329,,,,,,,
2,,1329,,0.023010727018117905,,,,,
,0.003,1339,,,,,,,
2,,1339,,0.016965003684163094,,,,,
,0.003,1349,,,,,,,
2,,1349,,0.021752506494522095,,,,,
,0.003,1359,,,,,,,
2,,1359,,0.013113629072904587,,,,,
,0.003,1369,,,,,,,
2,,1369,,0.02050354890525341,,,,,
,0.003,1379,,,,,,,
2,,1379,,0.01764466054737568,,,,,
,0.003,1389,,,,,,,
2,,1389,,0.01988639496266842,,,,,
,0.003,1399,,,,,,,
2,,1399,,0.017750870436429977,,,,,
,0.003,1409,,,,,,,
2,,1409,,0.014711163006722927,,,,,
,0.003,1419,,,,,,,
2,,1419,,0.01295219175517559,,,,,
,0.003,1429,,,,,,,
2,,1429,,0.019414115697145462,,,,,
,0.003,1439,,,,,,,
2,,1439,,0.01658552512526512,,,,,
,0.003,1449,,,,,,,
2,,1449,,0.013276105746626854,,,,,
,0.003,1459,,,,,,,
2,,1459,,0.021159714087843895,,,,,
,0.003,1469,,,,,,,
2,,1469,,0.01224637869745493,,,,,
,0.003,1479,,,,,,,
2,,1479,,0.013979168608784676,,,,,
,0.003,1489,,,,,,,
2,,1489,,0.01687503047287464,,,,,
,0.003,1499,,,,,,,
2,,1499,,0.017373045906424522,,,,,
,0.003,1509,,,,,,,
2,,1509,,0.019339771941304207,,,,,
,0.003,1519,,,,,,,
2,,1519,,0.02023724652826786,,,,,
,0.003,1529,,,,,,,
2,,1529,,0.019501935690641403,,,,,
,0.003,1539,,,,,,,
2,,1539,,0.013918324373662472,,,,,
,0.003,1549,,,,,,,
2,,1549,,0.020660774782299995,,,,,
,0.003,1559,,,,,,,
2,,1559,,0.016120590269565582,,,,,
,0.003,1569,,,,,,,
2,,1569,,0.015909450128674507,,,,,
,0.003,1579,,,,,,,
2,,1579,,0.01740132085978985,,,,,
,0.003,1589,,,,,,,
2,,1589,,0.013260485604405403,,,,,
,0.003,1599,,,,,,,
2,,1599,,0.011575947515666485,,,,,
,0.003,1609,,,,,,,
2,,1609,,0.016535822302103043,,,,,
,0.003,1619,,,,,,,
2,,1619,,0.019365224987268448,,,,,
,0.003,1629,,,,,,,
2,,1629,,0.013925105333328247,,,,,
,0.003,1639,,,,,,,
2,,1639,,0.01482129655778408,,,,,
,0.003,1649,,,,,,,
2,,1649,,0.01527844276279211,,,,,
,0.003,1659,,,,,,,
2,,1659,,0.012992736883461475,,,,,
,0.003,1669,,,,,,,
2,,1669,,0.02057800441980362,,,,,
,0.003,1679,,,,,,,
2,,1679,,0.01380220241844654,,,,,
2,,1685,,,0.08000539243221283,0.21550343930721283,0.14921191334724426,0.17624592781066895,0.05923342704772949
2,,1685,0.017230845987796783,,,,,,
,0.003,1689,,,,,,,
3,,1689,,0.0130208944901824,,,,,
,0.003,1699,,,,,,,
3,,1699,,0.014855021610856056,,,,,
,0.003,1709,,,,,,,
3,,1709,,0.01798505336046219,,,,,
,0.003,1719,,,,,,,
3,,1719,,0.021200593560934067,,,,,
,0.003,1729,,,,,,,
3,,1729,,0.018827613443136215,,,,,
,0.003,1739,,,,,,,
3,,1739,,0.01574794389307499,,,,,
,0.003,1749,,,,,,,
3,,1749,,0.018138259649276733,,,,,
,0.003,1759,,,,,,,
3,,1759,,0.011524777859449387,,,,,
,0.003,1769,,,,,,,
3,,1769,,0.015756573528051376,,,,,
,0.003,1779,,,,,,,
3,,1779,,0.01966799981892109,,,,,
,0.003,1789,,,,,,,
3,,1789,,0.013501100242137909,,,,,
,0.003,1799,,,,,,,
3,,1799,,0.014538200572133064,,,,,
,0.003,1809,,,,,,,
3,,1809,,0.01849178411066532,,,,,
,0.003,1819,,,,,,,
3,,1819,,0.018919475376605988,,,,,
,0.003,1829,,,,,,,
3,,1829,,0.011782939545810223,,,,,
,0.003,1839,,,,,,,
3,,1839,,0.01712123490869999,,,,,
,0.003,1849,,,,,,,
3,,1849,,0.016610395163297653,,,,,
,0.003,1859,,,,,,,
3,,1859,,0.013905433937907219,,,,,
,0.003,1869,,,,,,,
3,,1869,,0.018532387912273407,,,,,
,0.003,1879,,,,,,,
3,,1879,,0.01760995015501976,,,,,
,0.003,1889,,,,,,,
3,,1889,,0.015257664956152439,,,,,
,0.003,1899,,,,,,,
3,,1899,,0.015975069254636765,,,,,
,0.003,1909,,,,,,,
3,,1909,,0.017436513677239418,,,,,
,0.003,1919,,,,,,,
3,,1919,,0.01892317272722721,,,,,
,0.003,1929,,,,,,,
3,,1929,,0.02043965458869934,,,,,
,0.003,1939,,,,,,,
3,,1939,,0.015813156962394714,,,,,
,0.003,1949,,,,,,,
3,,1949,,0.01676802709698677,,,,,
,0.003,1959,,,,,,,
3,,1959,,0.015327819623053074,,,,,
,0.003,1969,,,,,,,
3,,1969,,0.01363342721015215,,,,,
,0.003,1979,,,,,,,
3,,1979,,0.016313079744577408,,,,,
,0.003,1989,,,,,,,
3,,1989,,0.016189077869057655,,,,,
,0.003,1999,,,,,,,
3,,1999,,0.016019564121961594,,,,,
,0.003,2009,,,,,,,
3,,2009,,0.017526786774396896,,,,,
,0.003,2019,,,,,,,
3,,2019,,0.01303895004093647,,,,,
,0.003,2029,,,,,,,
3,,2029,,0.01626959815621376,,,,,
,0.003,2039,,,,,,,
3,,2039,,0.014634051360189915,,,,,
,0.003,2049,,,,,,,
3,,2049,,0.014738854952156544,,,,,
,0.003,2059,,,,,,,
3,,2059,,0.01659904420375824,,,,,
,0.003,2069,,,,,,,
3,,2069,,0.016354436054825783,,,,,
,0.003,2079,,,,,,,
3,,2079,,0.016500800848007202,,,,,
,0.003,2089,,,,,,,
3,,2089,,0.01909424364566803,,,,,
,0.003,2099,,,,,,,
3,,2099,,0.020316479727625847,,,,,
,0.003,2109,,,,,,,
3,,2109,,0.017038395628333092,,,,,
,0.003,2119,,,,,,,
3,,2119,,0.016433289274573326,,,,,
,0.003,2129,,,,,,,
3,,2129,,0.020623020827770233,,,,,
,0.003,2139,,,,,,,
3,,2139,,0.01672634854912758,,,,,
,0.003,2149,,,,,,,
3,,2149,,0.01738808862864971,,,,,
,0.003,2159,,,,,,,
3,,2159,,0.01585281267762184,,,,,
,0.003,2169,,,,,,,
3,,2169,,0.01400032639503479,,,,,
,0.003,2179,,,,,,,
3,,2179,,0.015433132648468018,,,,,
,0.003,2189,,,,,,,
3,,2189,,0.015611480921506882,,,,,
,0.003,2199,,,,,,,
3,,2199,,0.013784070499241352,,,,,
,0.003,2209,,,,,,,
3,,2209,,0.014660669490695,,,,,
,0.003,2219,,,,,,,
3,,2219,,0.023629968985915184,,,,,
,0.003,2229,,,,,,,
3,,2229,,0.015380226075649261,,,,,
,0.003,2239,,,,,,,
3,,2239,,0.01509980671107769,,,,,
3,,2247,,,0.07752863317728043,0.1970384567975998,0.14494521915912628,0.17362092435359955,0.05708972364664078
3,,2247,0.01608264073729515,,,,,,
,0.003,2249,,,,,,,
4,,2249,,0.021428178995847702,,,,,
,0.003,2259,,,,,,,
4,,2259,,0.015145267359912395,,,,,
,0.003,2269,,,,,,,
4,,2269,,0.014557372778654099,,,,,
,0.003,2279,,,,,,,
4,,2279,,0.013483989983797073,,,,,
,0.003,2289,,,,,,,
4,,2289,,0.013475371524691582,,,,,
,0.003,2299,,,,,,,
4,,2299,,0.01678728684782982,,,,,
,0.003,2309,,,,,,,
4,,2309,,0.010772504843771458,,,,,
,0.003,2319,,,,,,,
4,,2319,,0.01977156102657318,,,,,
,0.003,2329,,,,,,,
4,,2329,,0.01997341774404049,,,,,
,0.003,2339,,,,,,,
4,,2339,,0.023234054446220398,,,,,
,0.003,2349,,,,,,,
4,,2349,,0.015513739548623562,,,,,
,0.003,2359,,,,,,,
4,,2359,,0.017347775399684906,,,,,
,0.003,2369,,,,,,,
4,,2369,,0.01272646989673376,,,,,
,0.003,2379,,,,,,,
4,,2379,,0.01602572202682495,,,,,
,0.003,2389,,,,,,,
4,,2389,,0.012132140807807446,,,,,
,0.003,2399,,,,,,,
4,,2399,,0.015281690284609795,,,,,
,0.003,2409,,,,,,,
4,,2409,,0.016204122453927994,,,,,
,0.003,2419,,,,,,,
4,,2419,,0.021490046754479408,,,,,
,0.003,2429,,,,,,,
4,,2429,,0.01792753115296364,,,,,
,0.003,2439,,,,,,,
4,,2439,,0.014627641066908836,,,,,
,0.003,2449,,,,,,,
4,,2449,,0.013456789776682854,,,,,
,0.003,2459,,,,,,,
4,,2459,,0.01339052151888609,,,,,
,0.003,2469,,,,,,,
4,,2469,,0.015153036452829838,,,,,
,0.003,2479,,,,,,,
4,,2479,,0.014634061604738235,,,,,
,0.003,2489,,,,,,,
4,,2489,,0.012452846392989159,,,,,
,0.003,2499,,,,,,,
4,,2499,,0.01955294981598854,,,,,
,0.003,2509,,,,,,,
4,,2509,,0.01714865118265152,,,,,
,0.003,2519,,,,,,,
4,,2519,,0.014878083020448685,,,,,
,0.003,2529,,,,,,,
4,,2529,,0.016334811225533485,,,,,
,0.003,2539,,,,,,,
4,,2539,,0.014817249029874802,,,,,
,0.003,2549,,,,,,,
4,,2549,,0.013192273676395416,,,,,
,0.003,2559,,,,,,,
4,,2559,,0.013868672773241997,,,,,
,0.003,2569,,,,,,,
4,,2569,,0.011986369267106056,,,,,
,0.003,2579,,,,,,,
4,,2579,,0.01496073417365551,,,,,
,0.003,2589,,,,,,,
4,,2589,,0.01733703352510929,,,,,
,0.003,2599,,,,,,,
4,,2599,,0.011564907617866993,,,,,
,0.003,2609,,,,,,,
4,,2609,,0.011718081310391426,,,,,
,0.003,2619,,,,,,,
4,,2619,,0.012032546103000641,,,,,
,0.003,2629,,,,,,,
4,,2629,,0.012565908953547478,,,,,
,0.003,2639,,,,,,,
4,,2639,,0.016375398263335228,,,,,
,0.003,2649,,,,,,,
4,,2649,,0.015655262395739555,,,,,
,0.003,2659,,,,,,,
4,,2659,,0.01151925977319479,,,,,
,0.003,2669,,,,,,,
4,,2669,,0.02228299342095852,,,,,
,0.003,2679,,,,,,,
4,,2679,,0.013398776762187481,,,,,
,0.003,2689,,,,,,,
4,,2689,,0.016023989766836166,,,,,
,0.003,2699,,,,,,,
4,,2699,,0.01567949913442135,,,,,
,0.003,2709,,,,,,,
4,,2709,,0.013098131865262985,,,,,
,0.003,2719,,,,,,,
4,,2719,,0.014223277568817139,,,,,
,0.003,2729,,,,,,,
4,,2729,,0.01700224168598652,,,,,
,0.003,2739,,,,,,,
4,,2739,,0.015268065966665745,,,,,
,0.003,2749,,,,,,,
4,,2749,,0.013870131224393845,,,,,
,0.003,2759,,,,,,,
4,,2759,,0.012101886793971062,,,,,
,0.003,2769,,,,,,,
4,,2769,,0.014356613159179688,,,,,
,0.003,2779,,,,,,,
4,,2779,,0.01513415016233921,,,,,
,0.003,2789,,,,,,,
4,,2789,,0.02328726463019848,,,,,
,0.003,2799,,,,,,,
4,,2799,,0.021032482385635376,,,,,
,0.003,2809,,,,,,,
4,,2809,,0.014298878610134125,,,,,
4,,2809,,,0.07841379940509796,0.20290963351726532,0.14105422794818878,0.16924436390399933,0.056006744503974915
4,,2809,0.015172946266829967,,,,,,
,0.003,2819,,,,,,,
5,,2819,,0.016568293794989586,,,,,
,0.003,2829,,,,,,,
5,,2829,,0.012796591967344284,,,,,
,0.003,2839,,,,,,,
5,,2839,,0.01302274502813816,,,,,
,0.003,2849,,,,,,,
5,,2849,,0.012631240300834179,,,,,
,0.003,2859,,,,,,,
5,,2859,,0.016058940440416336,,,,,
,0.003,2869,,,,,,,
5,,2869,,0.01567760482430458,,,,,
,0.003,2879,,,,,,,
5,,2879,,0.015815088525414467,,,,,
,0.003,2889,,,,,,,
5,,2889,,0.017782364040613174,,,,,
,0.003,2899,,,,,,,
5,,2899,,0.015279281884431839,,,,,
,0.003,2909,,,,,,,
5,,2909,,0.01178373210132122,,,,,
,0.003,2919,,,,,,,
5,,2919,,0.018175987526774406,,,,,
,0.003,2929,,,,,,,
5,,2929,,0.017332276329398155,,,,,
,0.003,2939,,,,,,,
5,,2939,,0.012058984488248825,,,,,
,0.003,2949,,,,,,,
5,,2949,,0.01503096055239439,,,,,
,0.003,2959,,,,,,,
5,,2959,,0.013888898305594921,,,,,
,0.003,2969,,,,,,,
5,,2969,,0.01737283729016781,,,,,
,0.003,2979,,,,,,,
5,,2979,,0.014701656065881252,,,,,
,0.003,2989,,,,,,,
5,,2989,,0.01630479469895363,,,,,
,0.003,2999,,,,,,,
5,,2999,,0.014705981127917767,,,,,
,0.003,3009,,,,,,,
5,,3009,,0.011930159293115139,,,,,
,0.003,3019,,,,,,,
5,,3019,,0.016471274197101593,,,,,
,0.003,3029,,,,,,,
5,,3029,,0.01214146614074707,,,,,
,0.003,3039,,,,,,,
5,,3039,,0.014022160321474075,,,,,
,0.003,3049,,,,,,,
5,,3049,,0.01322014257311821,,,,,
,0.003,3059,,,,,,,
5,,3059,,0.015577679499983788,,,,,
,0.003,3069,,,,,,,
5,,3069,,0.013807302340865135,,,,,
,0.003,3079,,,,,,,
5,,3079,,0.013750379905104637,,,,,
,0.003,3089,,,,,,,
5,,3089,,0.017105355858802795,,,,,
,0.003,3099,,,,,,,
5,,3099,,0.01680256426334381,,,,,
,0.003,3109,,,,,,,
5,,3109,,0.010502239689230919,,,,,
,0.003,3119,,,,,,,
5,,3119,,0.015718979761004448,,,,,
,0.003,3129,,,,,,,
5,,3129,,0.015045610256493092,,,,,
,0.003,3139,,,,,,,
5,,3139,,0.012067198753356934,,,,,
,0.003,3149,,,,,,,
5,,3149,,0.011634649708867073,,,,,
,0.003,3159,,,,,,,
5,,3159,,0.012283270247280598,,,,,
,0.003,3169,,,,,,,
5,,3169,,0.016072234138846397,,,,,
,0.003,3179,,,,,,,
5,,3179,,0.019542070105671883,,,,,
,0.003,3189,,,,,,,
5,,3189,,0.010402972809970379,,,,,
,0.003,3199,,,,,,,
5,,3199,,0.015351290814578533,,,,,
,0.003,3209,,,,,,,
5,,3209,,0.01447849627584219,,,,,
,0.003,3219,,,,,,,
5,,3219,,0.015019617043435574,,,,,
,0.003,3229,,,,,,,
5,,3229,,0.013414757326245308,,,,,
,0.003,3239,,,,,,,
5,,3239,,0.016015563160181046,,,,,
,0.003,3249,,,,,,,
5,,3249,,0.010479090735316277,,,,,
,0.003,3259,,,,,,,
5,,3259,,0.01761132851243019,,,,,
,0.003,3269,,,,,,,
5,,3269,,0.012110342271625996,,,,,
,0.003,3279,,,,,,,
5,,3279,,0.011752204969525337,,,,,
,0.003,3289,,,,,,,
5,,3289,,0.013549349270761013,,,,,
,0.003,3299,,,,,,,
5,,3299,,0.01330375112593174,,,,,
,0.003,3309,,,,,,,
5,,3309,,0.016935031861066818,,,,,
,0.003,3319,,,,,,,
5,,3319,,0.01569099724292755,,,,,
,0.003,3329,,,,,,,
5,,3329,,0.012921866960823536,,,,,
,0.003,3339,,,,,,,
5,,3339,,0.01097765751183033,,,,,
,0.003,3349,,,,,,,
5,,3349,,0.013202252797782421,,,,,
,0.003,3359,,,,,,,
5,,3359,,0.01642674207687378,,,,,
,0.003,3369,,,,,,,
5,,3369,,0.01586647517979145,,,,,
5,,3371,,,0.0752178505063057,0.22886241972446442,0.14079277217388153,0.16603924334049225,0.05738668888807297
5,,3371,0.014341693371534348,,,,,,
,0.003,3379,,,,,,,
6,,3379,,0.01777494326233864,,,,,
,0.003,3389,,,,,,,
6,,3389,,0.012676765210926533,,,,,
,0.003,3399,,,,,,,
6,,3399,,0.014348948374390602,,,,,
,0.003,3409,,,,,,,
6,,3409,,0.014253363944590092,,,,,
,0.003,3419,,,,,,,
6,,3419,,0.014246230944991112,,,,,
,0.003,3429,,,,,,,
6,,3429,,0.01603086106479168,,,,,
,0.003,3439,,,,,,,
6,,3439,,0.013159946538507938,,,,,
,0.003,3449,,,,,,,
6,,3449,,0.01693955436348915,,,,,
,0.003,3459,,,,,,,
6,,3459,,0.012452412396669388,,,,,
,0.003,3469,,,,,,,
6,,3469,,0.011554448865354061,,,,,
,0.003,3479,,,,,,,
6,,3479,,0.016352547332644463,,,,,
,0.003,3489,,,,,,,
6,,3489,,0.011308678425848484,,,,,
,0.003,3499,,,,,,,
6,,3499,,0.015126253478229046,,,,,
,0.003,3509,,,,,,,
6,,3509,,0.01655752770602703,,,,,
,0.003,3519,,,,,,,
6,,3519,,0.01571570709347725,,,,,
,0.003,3529,,,,,,,
6,,3529,,0.015213792212307453,,,,,
,0.003,3539,,,,,,,
6,,3539,,0.015029451809823513,,,,,
,0.003,3549,,,,,,,
6,,3549,,0.018125226721167564,,,,,
,0.003,3559,,,,,,,
6,,3559,,0.015318365767598152,,,,,
,0.003,3569,,,,,,,
6,,3569,,0.014218060299754143,,,,,
,0.003,3579,,,,,,,
6,,3579,,0.011548006907105446,,,,,
,0.003,3589,,,,,,,
6,,3589,,0.010658564046025276,,,,,
,0.003,3599,,,,,,,
6,,3599,,0.010508199222385883,,,,,
,0.003,3609,,,,,,,
6,,3609,,0.015853455290198326,,,,,
,0.003,3619,,,,,,,
6,,3619,,0.011868404224514961,,,,,
,0.003,3629,,,,,,,
6,,3629,,0.015411444939672947,,,,,
,0.003,3639,,,,,,,
6,,3639,,0.014114141464233398,,,,,
,0.003,3649,,,,,,,
6,,3649,,0.010948927141726017,,,,,
,0.003,3659,,,,,,,
6,,3659,,0.011561705730855465,,,,,
,0.003,3669,,,,,,,
6,,3669,,0.01355455070734024,,,,,
,0.003,3679,,,,,,,
6,,3679,,0.016254445537924767,,,,,
,0.003,3689,,,,,,,
6,,3689,,0.014902804978191853,,,,,
,0.003,3699,,,,,,,
6,,3699,,0.012463130988180637,,,,,
,0.003,3709,,,,,,,
6,,3709,,0.013108835555613041,,,,,
,0.003,3719,,,,,,,
6,,3719,,0.011489816941320896,,,,,
,0.003,3729,,,,,,,
6,,3729,,0.01375576388090849,,,,,
,0.003,3739,,,,,,,
6,,3739,,0.01300637237727642,,,,,
,0.003,3749,,,,,,,
6,,3749,,0.012985167093575,,,,,
,0.003,3759,,,,,,,
6,,3759,,0.014055785723030567,,,,,
,0.003,3769,,,,,,,
6,,3769,,0.012821773998439312,,,,,
,0.003,3779,,,,,,,
6,,3779,,0.012843234464526176,,,,,
,0.003,3789,,,,,,,
6,,3789,,0.014358761720359325,,,,,
,0.003,3799,,,,,,,
6,,3799,,0.011944855563342571,,,,,
,0.003,3809,,,,,,,
6,,3809,,0.010756166651844978,,,,,
,0.003,3819,,,,,,,
6,,3819,,0.014348793774843216,,,,,
,0.003,3829,,,,,,,
6,,3829,,0.012462333776056767,,,,,
,0.003,3839,,,,,,,
6,,3839,,0.012740815058350563,,,,,
,0.003,3849,,,,,,,
6,,3849,,0.016373835504055023,,,,,
,0.003,3859,,,,,,,
6,,3859,,0.010601350106298923,,,,,
,0.003,3869,,,,,,,
6,,3869,,0.013178294524550438,,,,,
,0.003,3879,,,,,,,
6,,3879,,0.01575523614883423,,,,,
,0.003,3889,,,,,,,
6,,3889,,0.017281940206885338,,,,,
,0.003,3899,,,,,,,
6,,3899,,0.013283871114253998,,,,,
,0.003,3909,,,,,,,
6,,3909,,0.014187696389853954,,,,,
,0.003,3919,,,,,,,
6,,3919,,0.01183590479195118,,,,,
,0.003,3929,,,,,,,
6,,3929,,0.013328318484127522,,,,,
6,,3933,,,0.092435821890831,0.24622444808483124,0.16143274307250977,0.2018982321023941,0.06637994199991226
6,,3933,0.01362921204417944,,,,,,
,0.003,3939,,,,,,,
7,,3939,,0.013169992715120316,,,,,
,0.003,3949,,,,,,,
7,,3949,,0.012479668483138084,,,,,
,0.003,3959,,,,,,,
7,,3959,,0.013737563975155354,,,,,
,0.003,3969,,,,,,,
7,,3969,,0.013085129670798779,,,,,
,0.003,3979,,,,,,,
7,,3979,,0.0103361327201128,,,,,
,0.003,3989,,,,,,,
7,,3989,,0.017256809398531914,,,,,
,0.003,3999,,,,,,,
7,,3999,,0.015802210196852684,,,,,
,0.003,4009,,,,,,,
7,,4009,,0.013897757045924664,,,,,
,0.003,4019,,,,,,,
7,,4019,,0.014722918160259724,,,,,
,0.003,4029,,,,,,,
7,,4029,,0.0147969676181674,,,,,
,0.003,4039,,,,,,,
7,,4039,,0.011281678453087807,,,,,
,0.003,4049,,,,,,,
7,,4049,,0.01177290827035904,,,,,
,0.003,4059,,,,,,,
7,,4059,,0.012095235288143158,,,,,
,0.003,4069,,,,,,,
7,,4069,,0.01277285348623991,,,,,
,0.003,4079,,,,,,,
7,,4079,,0.011429662816226482,,,,,
,0.003,4089,,,,,,,
7,,4089,,0.013457908295094967,,,,,
,0.003,4099,,,,,,,
7,,4099,,0.013894351199269295,,,,,
,0.003,4109,,,,,,,
7,,4109,,0.015202079899609089,,,,,
,0.003,4119,,,,,,,
7,,4119,,0.010924460366368294,,,,,
,0.003,4129,,,,,,,
7,,4129,,0.010528569109737873,,,,,
,0.003,4139,,,,,,,
7,,4139,,0.01588927023112774,,,,,
,0.003,4149,,,,,,,
7,,4149,,0.011130629107356071,,,,,
,0.003,4159,,,,,,,
7,,4159,,0.011194263584911823,,,,,
,0.003,4169,,,,,,,
7,,4169,,0.012069683521986008,,,,,
,0.003,4179,,,,,,,
7,,4179,,0.013229213654994965,,,,,
,0.003,4189,,,,,,,
7,,4189,,0.016344541683793068,,,,,
,0.003,4199,,,,,,,
7,,4199,,0.012775066308677197,,,,,
,0.003,4209,,,,,,,
7,,4209,,0.011621876619756222,,,,,
,0.003,4219,,,,,,,
7,,4219,,0.01388270128518343,,,,,
,0.003,4229,,,,,,,
7,,4229,,0.009589133784174919,,,,,
,0.003,4239,,,,,,,
7,,4239,,0.013864650391042233,,,,,
,0.003,4249,,,,,,,
7,,4249,,0.014660377986729145,,,,,
,0.003,4259,,,,,,,
7,,4259,,0.010150246322154999,,,,,
,0.003,4269,,,,,,,
7,,4269,,0.011185704730451107,,,,,
,0.003,4279,,,,,,,
7,,4279,,0.013015346601605415,,,,,
,0.003,4289,,,,,,,
7,,4289,,0.009874607436358929,,,,,
,0.003,4299,,,,,,,
7,,4299,,0.011082311160862446,,,,,
,0.003,4309,,,,,,,
7,,4309,,0.014910370111465454,,,,,
,0.003,4319,,,,,,,
7,,4319,,0.010385699570178986,,,,,
,0.003,4329,,,,,,,
7,,4329,,0.013900169171392918,,,,,
,0.003,4339,,,,,,,
7,,4339,,0.012131620198488235,,,,,
,0.003,4349,,,,,,,
7,,4349,,0.013318078592419624,,,,,
,0.003,4359,,,,,,,
7,,4359,,0.011048601940274239,,,,,
,0.003,4369,,,,,,,
7,,4369,,0.012810070998966694,,,,,
,0.003,4379,,,,,,,
7,,4379,,0.01159112248569727,,,,,
,0.003,4389,,,,,,,
7,,4389,,0.012294675223529339,,,,,
,0.003,4399,,,,,,,
7,,4399,,0.013559886254370213,,,,,
,0.003,4409,,,,,,,
7,,4409,,0.009555922821164131,,,,,
,0.003,4419,,,,,,,
7,,4419,,0.010728209279477596,,,,,
,0.003,4429,,,,,,,
7,,4429,,0.008962554857134819,,,,,
,0.003,4439,,,,,,,
7,,4439,,0.009505943395197392,,,,,
,0.003,4449,,,,,,,
7,,4449,,0.009768733754754066,,,,,
,0.003,4459,,,,,,,
7,,4459,,0.011407534591853619,,,,,
,0.003,4469,,,,,,,
7,,4469,,0.013274422846734524,,,,,
,0.003,4479,,,,,,,
7,,4479,,0.013444085605442524,,,,,
,0.003,4489,,,,,,,
7,,4489,,0.011874185875058174,,,,,
7,,4495,,,0.09013331681489944,0.1980261504650116,0.15898455679416656,0.20045270025730133,0.06688524037599564
7,,4495,0.012806674465537071,,,,,,
,0.003,4499,,,,,,,
8,,4499,,0.012192641384899616,,,,,
,0.003,4509,,,,,,,
8,,4509,,0.011675160378217697,,,,,
,0.003,4519,,,,,,,
8,,4519,,0.009629001840949059,,,,,
,0.003,4529,,,,,,,
8,,4529,,0.010080923326313496,,,,,
,0.003,4539,,,,,,,
8,,4539,,0.011293135583400726,,,,,
,0.003,4549,,,,,,,
8,,4549,,0.01129631046205759,,,,,
,0.003,4559,,,,,,,
8,,4559,,0.011040547862648964,,,,,
,0.003,4569,,,,,,,
8,,4569,,0.013852311298251152,,,,,
,0.003,4579,,,,,,,
8,,4579,,0.01280354056507349,,,,,
,0.003,4589,,,,,,,
8,,4589,,0.010452761314809322,,,,,
,0.003,4599,,,,,,,
8,,4599,,0.011095176450908184,,,,,
,0.003,4609,,,,,,,
8,,4609,,0.011213505640625954,,,,,
,0.003,4619,,,,,,,
8,,4619,,0.011710247956216335,,,,,
,0.003,4629,,,,,,,
8,,4629,,0.01288525015115738,,,,,
,0.003,4639,,,,,,,
8,,4639,,0.014884361065924168,,,,,
,0.003,4649,,,,,,,
8,,4649,,0.014916411601006985,,,,,
,0.003,4659,,,,,,,
8,,4659,,0.010400590486824512,,,,,
,0.003,4669,,,,,,,
8,,4669,,0.009825516492128372,,,,,
,0.003,4679,,,,,,,
8,,4679,,0.012164957821369171,,,,,
,0.003,4689,,,,,,,
8,,4689,,0.010978027246892452,,,,,
,0.003,4699,,,,,,,
8,,4699,,0.011439924128353596,,,,,
,0.003,4709,,,,,,,
8,,4709,,0.013306872919201851,,,,,
,0.003,4719,,,,,,,
8,,4719,,0.01010866928845644,,,,,
,0.003,4729,,,,,,,
8,,4729,,0.01443606335669756,,,,,
,0.003,4739,,,,,,,
8,,4739,,0.012110407464206219,,,,,
,0.003,4749,,,,,,,
8,,4749,,0.012794412672519684,,,,,
,0.003,4759,,,,,,,
8,,4759,,0.010823734104633331,,,,,
,0.003,4769,,,,,,,
8,,4769,,0.010053891688585281,,,,,
,0.003,4779,,,,,,,
8,,4779,,0.009643509052693844,,,,,
,0.003,4789,,,,,,,
8,,4789,,0.010198530741035938,,,,,
,0.003,4799,,,,,,,
8,,4799,,0.011952752247452736,,,,,
,0.003,4809,,,,,,,
8,,4809,,0.01476326771080494,,,,,
,0.003,4819,,,,,,,
8,,4819,,0.015063782222568989,,,,,
,0.003,4829,,,,,,,
8,,4829,,0.01472343597561121,,,,,
,0.003,4839,,,,,,,
8,,4839,,0.010538160800933838,,,,,
,0.003,4849,,,,,,,
8,,4849,,0.01286026369780302,,,,,
,0.003,4859,,,,,,,
8,,4859,,0.012859520502388477,,,,,
,0.003,4869,,,,,,,
8,,4869,,0.013165248557925224,,,,,
,0.003,4879,,,,,,,
8,,4879,,0.01460391003638506,,,,,
,0.003,4889,,,,,,,
8,,4889,,0.01219457108527422,,,,,
,0.003,4899,,,,,,,
8,,4899,,0.01281978003680706,,,,,
,0.003,4909,,,,,,,
8,,4909,,0.013246004469692707,,,,,
,0.003,4919,,,,,,,
8,,4919,,0.013047343119978905,,,,,
,0.003,4929,,,,,,,
8,,4929,,0.012324725277721882,,,,,
,0.003,4939,,,,,,,
8,,4939,,0.01520591415464878,,,,,
,0.003,4949,,,,,,,
8,,4949,,0.013868226669728756,,,,,
,0.003,4959,,,,,,,
8,,4959,,0.012209710665047169,,,,,
,0.003,4969,,,,,,,
8,,4969,,0.01417242456227541,,,,,
,0.003,4979,,,,,,,
8,,4979,,0.013876574113965034,,,,,
,0.003,4989,,,,,,,
8,,4989,,0.01084164623171091,,,,,
,0.003,4999,,,,,,,
8,,4999,,0.011551396921277046,,,,,
,0.003,5009,,,,,,,
8,,5009,,0.010744858533143997,,,,,
,0.003,5019,,,,,,,
8,,5019,,0.01123087853193283,,,,,
,0.003,5029,,,,,,,
8,,5029,,0.01303583662956953,,,,,
,0.003,5039,,,,,,,
8,,5039,,0.013354377821087837,,,,,
,0.003,5049,,,,,,,
8,,5049,,0.011233760043978691,,,,,
8,,5057,,,0.07695011049509048,0.22361066937446594,0.14057885110378265,0.16605326533317566,0.05766237527132034
8,,5057,0.012574023567140102,,,,,,
,0.003,5059,,,,,,,
9,,5059,,0.011677638627588749,,,,,
,0.003,5069,,,,,,,
9,,5069,,0.010912846773862839,,,,,
,0.003,5079,,,,,,,
9,,5079,,0.011388970538973808,,,,,
,0.003,5089,,,,,,,
9,,5089,,0.012687241658568382,,,,,
,0.003,5099,,,,,,,
9,,5099,,0.010872778482735157,,,,,
,0.003,5109,,,,,,,
9,,5109,,0.013252003118395805,,,,,
,0.003,5119,,,,,,,
9,,5119,,0.011973151005804539,,,,,
,0.003,5129,,,,,,,
9,,5129,,0.014076313935220242,,,,,
,0.003,5139,,,,,,,
9,,5139,,0.010207043029367924,,,,,
,0.003,5149,,,,,,,
9,,5149,,0.010554633103311062,,,,,
,0.003,5159,,,,,,,
9,,5159,,0.013597667217254639,,,,,
,0.003,5169,,,,,,,
9,,5169,,0.011446847580373287,,,,,
,0.003,5179,,,,,,,
9,,5179,,0.016228659078478813,,,,,
,0.003,5189,,,,,,,
9,,5189,,0.01078139990568161,,,,,
,0.003,5199,,,,,,,
9,,5199,,0.011567427776753902,,,,,
,0.003,5209,,,,,,,
9,,5209,,0.008919290266931057,,,,,
,0.003,5219,,,,,,,
9,,5219,,0.010630949400365353,,,,,
,0.003,5229,,,,,,,
9,,5229,,0.013117584399878979,,,,,
,0.003,5239,,,,,,,
9,,5239,,0.010961353778839111,,,,,
,0.003,5249,,,,,,,
9,,5249,,0.011237364262342453,,,,,
,0.003,5259,,,,,,,
9,,5259,,0.013411812484264374,,,,,
,0.003,5269,,,,,,,
9,,5269,,0.010901331901550293,,,,,
,0.003,5279,,,,,,,
9,,5279,,0.009841014631092548,,,,,
,0.003,5289,,,,,,,
9,,5289,,0.009981416165828705,,,,,
,0.003,5299,,,,,,,
9,,5299,,0.011189443990588188,,,,,
,0.003,5309,,,,,,,
9,,5309,,0.01379251480102539,,,,,
,0.003,5319,,,,,,,
9,,5319,,0.012088689021766186,,,,,
,0.003,5329,,,,,,,
9,,5329,,0.012519042007625103,,,,,
,0.003,5339,,,,,,,
9,,5339,,0.00863908976316452,,,,,
,0.003,5349,,,,,,,
9,,5349,,0.011361758224666119,,,,,
,0.003,5359,,,,,,,
9,,5359,,0.009123810566961765,,,,,
,0.003,5369,,,,,,,
9,,5369,,0.010694961063563824,,,,,
,0.003,5379,,,,,,,
9,,5379,,0.012215022929012775,,,,,
,0.003,5389,,,,,,,
9,,5389,,0.01051467377692461,,,,,
,0.003,5399,,,,,,,
9,,5399,,0.010035590268671513,,,,,
,0.003,5409,,,,,,,
9,,5409,,0.010660973377525806,,,,,
,0.003,5419,,,,,,,
9,,5419,,0.009556957520544529,,,,,
,0.003,5429,,,,,,,
9,,5429,,0.010085197165608406,,,,,
,0.003,5439,,,,,,,
9,,5439,,0.010790671221911907,,,,,
,0.003,5449,,,,,,,
9,,5449,,0.00994152296334505,,,,,
,0.003,5459,,,,,,,
9,,5459,,0.010236604139208794,,,,,
,0.003,5469,,,,,,,
9,,5469,,0.010753764770925045,,,,,
,0.003,5479,,,,,,,
9,,5479,,0.012912271544337273,,,,,
,0.003,5489,,,,,,,
9,,5489,,0.009636139497160912,,,,,
,0.003,5499,,,,,,,
9,,5499,,0.011186433956027031,,,,,
,0.003,5509,,,,,,,
9,,5509,,0.01130057405680418,,,,,
,0.003,5519,,,,,,,
9,,5519,,0.009928247891366482,,,,,
,0.003,5529,,,,,,,
9,,5529,,0.010457038879394531,,,,,
,0.003,5539,,,,,,,
9,,5539,,0.010522419586777687,,,,,
,0.003,5549,,,,,,,
9,,5549,,0.009531095623970032,,,,,
,0.003,5559,,,,,,,
9,,5559,,0.010939275845885277,,,,,
,0.003,5569,,,,,,,
9,,5569,,0.009859271347522736,,,,,
,0.003,5579,,,,,,,
9,,5579,,0.016173649579286575,,,,,
,0.003,5589,,,,,,,
9,,5589,,0.009785596281290054,,,,,
,0.003,5599,,,,,,,
9,,5599,,0.009642376564443111,,,,,
,0.003,5609,,,,,,,
9,,5609,,0.010357175953686237,,,,,
,0.003,5619,,,,,,,
9,,5619,,0.011622739024460316,,,,,
9,,5619,,,0.07928913086652756,0.19912073016166687,0.14766685664653778,0.17620576918125153,0.06171422824263573
9,,5619,0.011242546141147614,,,,,,
,0.003,5629,,,,,,,
10,,5629,,0.009262915700674057,,,,,
,0.003,5639,,,,,,,
10,,5639,,0.012264661490917206,,,,,
,0.003,5649,,,,,,,
10,,5649,,0.013295545242726803,,,,,
,0.003,5659,,,,,,,
10,,5659,,0.011092492379248142,,,,,
,0.003,5669,,,,,,,
10,,5669,,0.010202641598880291,,,,,
,0.003,5679,,,,,,,
10,,5679,,0.010769118554890156,,,,,
,0.003,5689,,,,,,,
10,,5689,,0.011001796461641788,,,,,
,0.003,5699,,,,,,,
10,,5699,,0.01112647820264101,,,,,
,0.003,5709,,,,,,,
10,,5709,,0.011677270755171776,,,,,
,0.003,5719,,,,,,,
10,,5719,,0.015090256929397583,,,,,
,0.003,5729,,,,,,,
10,,5729,,0.012018387205898762,,,,,
,0.003,5739,,,,,,,
10,,5739,,0.010802773758769035,,,,,
,0.003,5749,,,,,,,
10,,5749,,0.009902525693178177,,,,,
,0.003,5759,,,,,,,
10,,5759,,0.011080083437263966,,,,,
,0.003,5769,,,,,,,
10,,5769,,0.011390880681574345,,,,,
,0.003,5779,,,,,,,
10,,5779,,0.010030291974544525,,,,,
,0.003,5789,,,,,,,
10,,5789,,0.009309863671660423,,,,,
,0.003,5799,,,,,,,
10,,5799,,0.010259470902383327,,,,,
,0.003,5809,,,,,,,
10,,5809,,0.009820105507969856,,,,,
,0.003,5819,,,,,,,
10,,5819,,0.009386160410940647,,,,,
,0.003,5829,,,,,,,
10,,5829,,0.010990213602781296,,,,,
,0.003,5839,,,,,,,
10,,5839,,0.008344828151166439,,,,,
,0.003,5849,,,,,,,
10,,5849,,0.010182034224271774,,,,,
,0.003,5859,,,,,,,
10,,5859,,0.012368453666567802,,,,,
,0.003,5869,,,,,,,
10,,5869,,0.010151304304599762,,,,,
,0.003,5879,,,,,,,
10,,5879,,0.009468118660151958,,,,,
,0.003,5889,,,,,,,
10,,5889,,0.009640108793973923,,,,,
,0.003,5899,,,,,,,
10,,5899,,0.012384533882141113,,,,,
,0.003,5909,,,,,,,
10,,5909,,0.008837239816784859,,,,,
,0.003,5919,,,,,,,
10,,5919,,0.010562876239418983,,,,,
,0.003,5929,,,,,,,
10,,5929,,0.010356631129980087,,,,,
,0.003,5939,,,,,,,
10,,5939,,0.009628360159695148,,,,,
,0.003,5949,,,,,,,
10,,5949,,0.009814194403588772,,,,,
,0.003,5959,,,,,,,
10,,5959,,0.00899712834507227,,,,,
,0.003,5969,,,,,,,
10,,5969,,0.00931811798363924,,,,,
,0.003,5979,,,,,,,
10,,5979,,0.009178540669381618,,,,,
,0.003,5989,,,,,,,
10,,5989,,0.011380983516573906,,,,,
,0.003,5999,,,,,,,
10,,5999,,0.01029292680323124,,,,,
,0.003,6009,,,,,,,
10,,6009,,0.011358177289366722,,,,,
,0.003,6019,,,,,,,
10,,6019,,0.009784241206943989,,,,,
,0.003,6029,,,,,,,
10,,6029,,0.01372872106730938,,,,,
,0.003,6039,,,,,,,
10,,6039,,0.009690247476100922,,,,,
,0.003,6049,,,,,,,
10,,6049,,0.01141615305095911,,,,,
,0.003,6059,,,,,,,
10,,6059,,0.009180708788335323,,,,,
,0.003,6069,,,,,,,
10,,6069,,0.010378764942288399,,,,,
,0.003,6079,,,,,,,
10,,6079,,0.008575568906962872,,,,,
,0.003,6089,,,,,,,
10,,6089,,0.009771924465894699,,,,,
,0.003,6099,,,,,,,
10,,6099,,0.009692749939858913,,,,,
,0.003,6109,,,,,,,
10,,6109,,0.010496539063751698,,,,,
,0.003,6119,,,,,,,
10,,6119,,0.00844053365290165,,,,,
,0.003,6129,,,,,,,
10,,6129,,0.009092004969716072,,,,,
,0.003,6139,,,,,,,
10,,6139,,0.009935678914189339,,,,,
,0.003,6149,,,,,,,
10,,6149,,0.010158581659197807,,,,,
,0.003,6159,,,,,,,
10,,6159,,0.011868228204548359,,,,,
,0.003,6169,,,,,,,
10,,6169,,0.01015548501163721,,,,,
,0.003,6179,,,,,,,
10,,6179,,0.011018055491149426,,,,,
10,,6181,,,0.08246944099664688,0.18240174651145935,0.1497437208890915,0.1812789887189865,0.06537782400846481
10,,6181,0.010102291591465473,,,,,,
,0.0015,6189,,,,,,,
11,,6189,,0.010462073609232903,,,,,
,0.0015,6199,,,,,,,
11,,6199,,0.008662058971822262,,,,,
,0.0015,6209,,,,,,,
11,,6209,,0.00780154624953866,,,,,
,0.0015,6219,,,,,,,
11,,6219,,0.007357075810432434,,,,,
,0.0015,6229,,,,,,,
11,,6229,,0.008203692734241486,,,,,
,0.0015,6239,,,,,,,
11,,6239,,0.008350538089871407,,,,,
,0.0015,6249,,,,,,,
11,,6249,,0.009487630799412727,,,,,
,0.0015,6259,,,,,,,
11,,6259,,0.009885428473353386,,,,,
,0.0015,6269,,,,,,,
11,,6269,,0.009467849507927895,,,,,
,0.0015,6279,,,,,,,
11,,6279,,0.007715272251516581,,,,,
,0.0015,6289,,,,,,,
11,,6289,,0.008141973987221718,,,,,
,0.0015,6299,,,,,,,
11,,6299,,0.008026734925806522,,,,,
,0.0015,6309,,,,,,,
11,,6309,,0.009874310344457626,,,,,
,0.0015,6319,,,,,,,
11,,6319,,0.007957453839480877,,,,,
,0.0015,6329,,,,,,,
11,,6329,,0.00787736102938652,,,,,
,0.0015,6339,,,,,,,
11,,6339,,0.00804668478667736,,,,,
,0.0015,6349,,,,,,,
11,,6349,,0.008740092627704144,,,,,
,0.0015,6359,,,,,,,
11,,6359,,0.00791721697896719,,,,,
,0.0015,6369,,,,,,,
11,,6369,,0.009096135385334492,,,,,
,0.0015,6379,,,,,,,
11,,6379,,0.00869291927665472,,,,,
,0.0015,6389,,,,,,,
11,,6389,,0.007929976098239422,,,,,
,0.0015,6399,,,,,,,
11,,6399,,0.0075666955672204494,,,,,
,0.0015,6409,,,,,,,
11,,6409,,0.00881737470626831,,,,,
,0.0015,6419,,,,,,,
11,,6419,,0.008178681135177612,,,,,
,0.0015,6429,,,,,,,
11,,6429,,0.007977595552802086,,,,,
,0.0015,6439,,,,,,,
11,,6439,,0.008217358961701393,,,,,
,0.0015,6449,,,,,,,
11,,6449,,0.007727212738245726,,,,,
,0.0015,6459,,,,,,,
11,,6459,,0.009405638091266155,,,,,
,0.0015,6469,,,,,,,
11,,6469,,0.007657541893422604,,,,,
,0.0015,6479,,,,,,,
11,,6479,,0.007634053472429514,,,,,
,0.0015,6489,,,,,,,
11,,6489,,0.007174558471888304,,,,,
,0.0015,6499,,,,,,,
11,,6499,,0.007928011938929558,,,,,
,0.0015,6509,,,,,,,
11,,6509,,0.007636804133653641,,,,,
,0.0015,6519,,,,,,,
11,,6519,,0.008042240515351295,,,,,
,0.0015,6529,,,,,,,
11,,6529,,0.007967574521899223,,,,,
,0.0015,6539,,,,,,,
11,,6539,,0.008253209292888641,,,,,
,0.0015,6549,,,,,,,
11,,6549,,0.007902109995484352,,,,,
,0.0015,6559,,,,,,,
11,,6559,,0.00779237924143672,,,,,
,0.0015,6569,,,,,,,
11,,6569,,0.00823945738375187,,,,,
,0.0015,6579,,,,,,,
11,,6579,,0.0076853265054523945,,,,,
,0.0015,6589,,,,,,,
11,,6589,,0.007081281393766403,,,,,
,0.0015,6599,,,,,,,
11,,6599,,0.007228047586977482,,,,,
,0.0015,6609,,,,,,,
11,,6609,,0.008559731766581535,,,,,
,0.0015,6619,,,,,,,
11,,6619,,0.007009786553680897,,,,,
,0.0015,6629,,,,,,,
11,,6629,,0.007342142518609762,,,,,
,0.0015,6639,,,,,,,
11,,6639,,0.007416469510644674,,,,,
,0.0015,6649,,,,,,,
11,,6649,,0.008316092193126678,,,,,
,0.0015,6659,,,,,,,
11,,6659,,0.008218933828175068,,,,,
,0.0015,6669,,,,,,,
11,,6669,,0.009493136778473854,,,,,
,0.0015,6679,,,,,,,
11,,6679,,0.008146763779222965,,,,,
,0.0015,6689,,,,,,,
11,,6689,,0.007281017955392599,,,,,
,0.0015,6699,,,,,,,
11,,6699,,0.007603876758366823,,,,,
,0.0015,6709,,,,,,,
11,,6709,,0.007066494785249233,,,,,
,0.0015,6719,,,,,,,
11,,6719,,0.006993892602622509,,,,,
,0.0015,6729,,,,,,,
11,,6729,,0.007955972105264664,,,,,
,0.0015,6739,,,,,,,
11,,6739,,0.007325661834329367,,,,,
11,,6743,,,0.08017846941947937,0.18409249186515808,0.14670442044734955,0.17880818247795105,0.06529644131660461
11,,6743,0.008213684894144535,,,,,,
,0.0015,6749,,,,,,,
12,,6749,,0.007137948647141457,,,,,
,0.0015,6759,,,,,,,
12,,6759,,0.00875801034271717,,,,,
,0.0015,6769,,,,,,,
12,,6769,,0.008509769104421139,,,,,
,0.0015,6779,,,,,,,
12,,6779,,0.006832105573266745,,,,,
,0.0015,6789,,,,,,,
12,,6789,,0.006788637023419142,,,,,
,0.0015,6799,,,,,,,
12,,6799,,0.00672892713919282,,,,,
,0.0015,6809,,,,,,,
12,,6809,,0.007524603977799416,,,,,
,0.0015,6819,,,,,,,
12,,6819,,0.007376761641353369,,,,,
,0.0015,6829,,,,,,,
12,,6829,,0.008102728053927422,,,,,
,0.0015,6839,,,,,,,
12,,6839,,0.008563386276364326,,,,,
,0.0015,6849,,,,,,,
12,,6849,,0.008137056604027748,,,,,
,0.0015,6859,,,,,,,
12,,6859,,0.007729085627943277,,,,,
,0.0015,6869,,,,,,,
12,,6869,,0.0076231700368225574,,,,,
,0.0015,6879,,,,,,,
12,,6879,,0.007735777646303177,,,,,
,0.0015,6889,,,,,,,
12,,6889,,0.007532195653766394,,,,,
,0.0015,6899,,,,,,,
12,,6899,,0.00813966989517212,,,,,
,0.0015,6909,,,,,,,
12,,6909,,0.007146076299250126,,,,,
,0.0015,6919,,,,,,,
12,,6919,,0.0069904811680316925,,,,,
,0.0015,6929,,,,,,,
12,,6929,,0.007093460764735937,,,,,
,0.0015,6939,,,,,,,
12,,6939,,0.007285166531801224,,,,,
,0.0015,6949,,,,,,,
12,,6949,,0.007784891873598099,,,,,
,0.0015,6959,,,,,,,
12,,6959,,0.008053581230342388,,,,,
,0.0015,6969,,,,,,,
12,,6969,,0.007572161499410868,,,,,
,0.0015,6979,,,,,,,
12,,6979,,0.008154955692589283,,,,,
,0.0015,6989,,,,,,,
12,,6989,,0.008341843262314796,,,,,
,0.0015,6999,,,,,,,
12,,6999,,0.007397054228931665,,,,,
,0.0015,7009,,,,,,,
12,,7009,,0.007598232477903366,,,,,
,0.0015,7019,,,,,,,
12,,7019,,0.00716594560071826,,,,,
,0.0015,7029,,,,,,,
12,,7029,,0.007599488832056522,,,,,
,0.0015,7039,,,,,,,
12,,7039,,0.007300024386495352,,,,,
,0.0015,7049,,,,,,,
12,,7049,,0.008448295295238495,,,,,
,0.0015,7059,,,,,,,
12,,7059,,0.007113256491720676,,,,,
,0.0015,7069,,,,,,,
12,,7069,,0.008532929234206676,,,,,
,0.0015,7079,,,,,,,
12,,7079,,0.0072397151961922646,,,,,
,0.0015,7089,,,,,,,
12,,7089,,0.007311879191547632,,,,,
,0.0015,7099,,,,,,,
12,,7099,,0.007711414713412523,,,,,
,0.0015,7109,,,,,,,
12,,7109,,0.006450208369642496,,,,,
,0.0015,7119,,,,,,,
12,,7119,,0.00837440975010395,,,,,
,0.0015,7129,,,,,,,
12,,7129,,0.00784196425229311,,,,,
,0.0015,7139,,,,,,,
12,,7139,,0.007266800384968519,,,,,
,0.0015,7149,,,,,,,
12,,7149,,0.006969844922423363,,,,,
,0.0015,7159,,,,,,,
12,,7159,,0.007180371321737766,,,,,
,0.0015,7169,,,,,,,
12,,7169,,0.007356711197644472,,,,,
,0.0015,7179,,,,,,,
12,,7179,,0.007094039116054773,,,,,
,0.0015,7189,,,,,,,
12,,7189,,0.00812620110809803,,,,,
,0.0015,7199,,,,,,,
12,,7199,,0.007964144460856915,,,,,
,0.0015,7209,,,,,,,
12,,7209,,0.007185741327702999,,,,,
,0.0015,7219,,,,,,,
12,,7219,,0.006534193176776171,,,,,
,0.0015,7229,,,,,,,
12,,7229,,0.007215836085379124,,,,,
,0.0015,7239,,,,,,,
12,,7239,,0.007266568951308727,,,,,
,0.0015,7249,,,,,,,
12,,7249,,0.007902992889285088,,,,,
,0.0015,7259,,,,,,,
12,,7259,,0.0078043099492788315,,,,,
,0.0015,7269,,,,,,,
12,,7269,,0.00783898402005434,,,,,
,0.0015,7279,,,,,,,
12,,7279,,0.008009715005755424,,,,,
,0.0015,7289,,,,,,,
12,,7289,,0.007777608465403318,,,,,
,0.0015,7299,,,,,,,
12,,7299,,0.006980028934776783,,,,,
12,,7305,,,0.0796608030796051,0.18093310296535492,0.1447979360818863,0.1734878122806549,0.06454633921384811
12,,7305,0.007529840804636478,,,,,,
